<?xml version = '1.0' encoding = 'UTF-8'?>
<Diagram class="oracle.dbtools.crest.swingui.logical.DPVLogical" name="Logical" id="5A0CD358-9D23-B8B0-32DB-BBDC85EABE3B">
<createdBy>logonrmlocal</createdBy>
<modifiedBy>logonrmlocal</modifiedBy>
<createdTime>2024-03-05 12:20:59 UTC</createdTime>
<autoRoute>false</autoRoute>
<boxInbox>true</boxInbox>
<showLegend>false</showLegend>
<showLabels>false</showLabels>
<showRelAttributes>false</showRelAttributes>
<gridEnabled>false</gridEnabled>
<showGrid>false</showGrid>
<diagramColor>-1</diagramColor>
<display>false</display>
<notation>1</notation>
<objectViews>
<OView class="oracle.dbtools.crest.swingui.logical.TVEntity" oid="060D42E0-7D66-6C4D-F8E3-FE98CD5E2F45" otype="Entity" vid="A88F8279-4C3E-336C-2A89-044B46E0913B">
<hideElementsInCurrentOnly>false</hideElementsInCurrentOnly>
<bounds x="130" y="94" width="170" height="110"/>
</OView>
<OView class="oracle.dbtools.crest.swingui.logical.TVEntity" oid="B1C66E95-D0AF-A480-89C7-07309B408834" otype="Entity" vid="EB7A909F-B6E3-B35C-614C-D0C2426F610B">
<hideElementsInCurrentOnly>false</hideElementsInCurrentOnly>
<bounds x="318" y="91" width="170" height="110"/>
</OView>
</objectViews>
</Diagram>