<?xml version = '1.0' encoding = 'UTF-8'?>
<Entity class="oracle.dbtools.crest.model.design.logical.Entity" directorySegmentName="seg_0" id="B1C66E95-D0AF-A480-89C7-07309B408834" name="COMANDA">
<createdBy>logonrmlocal</createdBy>
<createdTime>2024-03-05 12:21:51 UTC</createdTime>
<ownerDesignName>exec_aula02</ownerDesignName>
<engineerTo>
<item key="2C6C64FA-03C7-D004-3768-DA92F38D5183" value="true"/>
</engineerTo>
<adequatelyNormalized>NO</adequatelyNormalized>
<expectedVolumes>0</expectedVolumes>
<fwdEngineeringStrategyName>Single Table</fwdEngineeringStrategyName>
<growthPercent>0</growthPercent>
<growthType>Year</growthType>
<maxVolumes>9999999</maxVolumes>
<minVolumes>0</minVolumes>
<normalForm>Third</normalForm>
</Entity>