<?xml version = '1.0' encoding = 'UTF-8'?>
<relationalModel class="oracle.dbtools.crest.model.design.relational.RelationalDesign" name="Relational_1" id="2C6C64FA-03C7-D004-3768-DA92F38D5183" mainViewID="7B26E237-3839-A391-2531-2C9E644E6217">
<createdBy>logonrmlocal</createdBy>
<createdTime>2024-03-05 12:18:36 UTC</createdTime>
<ownerDesignName>exec_aula02</ownerDesignName>
<shouldBeOpen>false</shouldBeOpen>
<selectedRDBMSSite>32076570-2523-435C-2E92-BF29817DFF70</selectedRDBMSSite>
</relationalModel>